{"artifact_id":"phase-gate-null-X1e6","basis_consistency":{"analytic_target":"Uniform[0,1) only for one-sample Kuiper statistic; no RH-linked analytic target used","basis":"circular phase basis [0,1)","comparison_rule":"all reported comparisons computed in same phase basis and same statistic"},"claim_class":"empirical","deterministic_result_sha256":"ab70a276f21fae3e6d3b5e16ba08378c23d0d6a08574784b6e798ae51c3f7c2b","fixture":true,"frequencies":[1.0,2.0,3.0,5.0,8.0],"invariant_audit":{"parity":{"applicable":false,"reason":"registry v0.1 phase statistic is not parity-sector decomposed"},"rotation_invariance":{"by_frequency":{"1.0":{"abs_delta":0.0,"base":0.5135408485935203,"rotated":0.5135408485935203},"2.0":{"abs_delta":2.7755575615628914e-16,"base":0.31630028842693364,"rotated":0.3163002884269339},"3.0":{"abs_delta":4.718447854656915e-16,"base":0.2231543414122256,"rotated":0.22315434141222512},"5.0":{"abs_delta":5.551115123125783e-17,"base":0.1430310494940929,"rotated":0.14303104949409295},"8.0":{"abs_delta":2.7755575615628914e-17,"base":0.09326102820284618,"rotated":0.09326102820284621}},"max_abs_delta":4.718447854656915e-16,"offset":0.123456789,"pass":true,"tolerance":1e-12}},"limit":10000,"non_claim_boundary":["not RH","not GRH","not asymptotic","not zero-location","not a residual-envelope theorem"],"null_distributions":{"cramer_bernoulli":{"mean":17.742940764348532,"p_value_ge_prime":0.47058823529411764,"replicates":16,"values":[18.06853831083852,17.94743002127516,17.22675575366495,18.025485710436847,18.394967760201666,17.32986907297961,17.111632762887233,18.129229437403342,18.435747213928945,17.237534552953132,17.34317231226165,17.46409085403647,17.07428622125639,17.596564462139355,18.04290142494806,18.458846358365165]},"wheel_composite_count_matched":{"mean":20.619561111969933,"p_value_ge_prime":1.0,"replicates":16,"values":[20.6175242901028,20.690723185904897,20.490284037435504,20.53878333410086,20.66903592649672,20.766982496254908,20.46252402375085,20.608498216125913,20.376949337943074,20.804822766981925,20.690723185904897,20.575858723243275,20.51957381428936,20.40547423321233,20.804822766981925,20.89039745278969]}},"phase_map":"theta_omega(n) = frac(omega * log(n) / (2*pi))","primary_statistic":"T(S) = max_omega sqrt(|S|) * KuiperUniform({theta_omega(n): n in S})","registry_version":"phase-gate-v0.1","replicates":16,"runtime":{"platform":"Linux-4.4.0-x86_64-with-glibc2.41","python":"3.13.5 (main, Jun 25 2025, 18:55:22) [GCC 14.2.0]","seconds":0.11690783500671387},"seed":20260510,"sequences":{"all_integers":{"count":9999},"cramer_bernoulli_seed0":{"count":1264},"primes":{"count":1229},"wheel_composite_count_matched_seed0":{"count":1229}},"statistics":{"all_integers":{"by_frequency":{"1.0":{"kuiper_v":0.5501220959348232,"sqrt_n_v":55.009458914233946},"2.0":{"kuiper_v":0.3486147932573149,"sqrt_n_v":34.85973620818618},"3.0":{"kuiper_v":0.24745389887342784,"sqrt_n_v":24.74415258691513},"5.0":{"kuiper_v":0.15406584960582226,"sqrt_n_v":15.405814612075003},"8.0":{"kuiper_v":0.09758093637368229,"sqrt_n_v":9.757605720488133}},"count":9999,"max_sqrt_n_v":55.009458914233946},"cramer_bernoulli_seed0":{"by_frequency":{"1.0":{"kuiper_v":0.5063061464530021,"sqrt_n_v":18.00058985742457},"2.0":{"kuiper_v":0.3172497596654564,"sqrt_n_v":11.279110171012887},"3.0":{"kuiper_v":0.20739095157311438,"sqrt_n_v":7.373324391895691},"5.0":{"kuiper_v":0.12251395923210567,"sqrt_n_v":4.355711553960125},"8.0":{"kuiper_v":0.10388005896581323,"sqrt_n_v":3.6932246406814215}},"count":1264,"max_sqrt_n_v":18.00058985742457},"primes":{"by_frequency":{"1.0":{"kuiper_v":0.5135408485935203,"sqrt_n_v":18.00325097589416},"2.0":{"kuiper_v":0.31630028842693364,"sqrt_n_v":11.08856966664608},"3.0":{"kuiper_v":0.2231543414122256,"sqrt_n_v":7.8231432335086115},"5.0":{"kuiper_v":0.1430310494940929,"sqrt_n_v":5.014253273990062},"8.0":{"kuiper_v":0.09326102820284618,"sqrt_n_v":3.2694608454307255}},"count":1229,"max_sqrt_n_v":18.00325097589416},"wheel_composite_count_matched_seed0":{"by_frequency":{"1.0":{"kuiper_v":0.5836913547221374,"sqrt_n_v":20.462524023750845},"2.0":{"kuiper_v":0.37988873276768254,"sqrt_n_v":13.317795882571339},"3.0":{"kuiper_v":0.2813536838677999,"sqrt_n_v":9.863443185750691},"5.0":{"kuiper_v":0.17232851209026023,"sqrt_n_v":6.041337241156929},"8.0":{"kuiper_v":0.1109695040064334,"sqrt_n_v":3.8902685867539004}},"count":1229,"max_sqrt_n_v":20.462524023750845}}}
